                  epoch,         train/box_loss,         train/cls_loss,         train/dfl_loss,   metrics/precision(B),      metrics/recall(B),       metrics/mAP50(B),    metrics/mAP50-95(B),           val/box_loss,           val/cls_loss,           val/dfl_loss,                 lr/pg0,                 lr/pg1,                 lr/pg2
                      1,                 1.4868,                 3.6371,                  1.355,                 0.0196,                0.60329,                0.12073,                 0.0685,                 1.4144,                 3.8548,                  1.271,             0.00024543,             0.00024543,             0.00024543
                      2,                 1.4769,                 2.6157,                 1.3206,                 0.4863,                0.18127,                0.18081,                0.09692,                 1.5992,                 3.2352,                  1.398,               0.000495,               0.000495,               0.000495
                      3,                 1.5101,                 2.4239,                 1.3622,                  0.304,                0.26988,                0.25924,                0.14325,                 1.5708,                 3.0237,                 1.4289,             0.00073953,             0.00073953,             0.00073953
                      4,                 1.4936,                 2.3375,                 1.3511,                0.32872,                0.26131,                0.23774,                0.13584,                 1.6411,                 2.6908,                 1.5024,               0.000882,               0.000882,               0.000882
