                  epoch,         train/box_loss,         train/cls_loss,         train/dfl_loss,   metrics/precision(B),      metrics/recall(B),       metrics/mAP50(B),    metrics/mAP50-95(B),           val/box_loss,           val/cls_loss,           val/dfl_loss,                 lr/pg0,                 lr/pg1,                 lr/pg2
                      1,                 1.4868,                 3.6371,                  1.355,                0.02036,                0.62759,                0.12448,                0.06983,                 1.4144,                 3.8548,                  1.271,             0.00024543,             0.00024543,             0.00024543
                      2,                 1.4701,                 2.6278,                  1.317,                0.65317,                0.15423,                 0.2111,                0.12043,                 1.5433,                 3.2544,                 1.3571,             0.00040096,             0.00040096,             0.00040096
                      3,                 1.4846,                 2.4298,                 1.3402,                0.37691,                0.26522,                0.29551,                0.17227,                 1.5137,                 3.0335,                 1.3689,              0.0004557,              0.0004557,              0.0004557
                      4,                 1.4289,                  2.269,                 1.3074,                0.47968,                0.37664,                0.35669,                0.20161,                 1.5159,                 2.5742,                 1.3767,             0.00036905,             0.00036905,             0.00036905
                      5,                 1.4358,                 2.0462,                  1.296,                0.56406,                0.33573,                0.35816,                 0.2054,                 1.5162,                  2.265,                 1.3718,             0.00036905,             0.00036905,             0.00036905
